<?xml version="1.0" encoding="ISO-8859-1"?>
<!DOCTYPE product PUBLIC "-//Tricklab//DTD Product V1.0//EN" "Product.dtd">

<!-- Description: Plot of Y(t) vs. t, with attributes, titles, labels, units -->

<product version="1.0">
    <title>Real-Time Frame Overrun/Underrun History</title>
    <page>
        <title>Real-Time Scheduling Frame</title>
        <plot grid="yes">
            <title>Frame Overrun/Underrun</title>
            <xaxis> <label>Time</label> <units>s</units> </xaxis>
            <yaxis> <label>Frame Overrun/Underrun</label> </yaxis>
            <curve>
                <var>sys.exec.out.time</var>
                <var scale="1e-06" line_color="darkgreen" label="Overrun/Underrun">trick_real_time.rt_sync.frame_overrun_time</var>
            </curve>
        </plot>
        <plot grid="yes">
            <title>Frame Scheduled Jobs Time</title>
            <xaxis> <label>Time</label> <units>s</units> </xaxis>
            <yaxis> <label>Frame Scheduled Jobs Time</label> </yaxis>
            <curve>
                <var>sys.exec.out.time</var>
                <var scale="1e-06" line_color="red" label="Frame Sched Time">trick_real_time.rt_sync.frame_sched_time</var>
            </curve>
        </plot>
    </page>
    <table>
        <title>Real-Time Frame Overrun/Underrun History</title>
        <column format="%13.6f">
            <label>Sim Time</label>
            <var>sys.exec.out.time</var>
        </column>
        <column format="%13.6f">
            <label>Overrun/Underrun</label>
            <var scale="1e-06">trick_real_time.rt_sync.frame_overrun_time</var>
        </column>
        <column format="%13.6f">
            <label>Frame Sched Time</label>
            <var scale="1e-06">trick_real_time.rt_sync.frame_sched_time</var>
        </column>
    </table>
</product>