<?xml version="1.0" encoding="ISO-8859-1"?>
<!DOCTYPE product PUBLIC "-//Tricklab//DTD Product V1.0//EN" "Product.dtd">

<!-- Description: Plot of Y(t) vs. t, with attributes, titles, labels, units -->

<product version="1.0">
    <title>User Job Execution History</title>
    <page vcells="0">
        <title>User Job Execution Times</title>
        <plot grid="yes" background_color="cornsilk2">
            <title>JOB_dyn.submarine.state_deriv.21.02(derivative)</title>
            <xaxis> <label>Time</label> <units>s</units> </xaxis>
            <yaxis> <label>Execution Time</label> </yaxis>
            <curve>
                <var>sys.exec.out.time</var>
                <var line_color="red" scale="1e-06">JOB_dyn.submarine.state_deriv.21.02(derivative)</var>
            </curve>
        </plot>
        <plot grid="yes" background_color="cornsilk2">
            <title>JOB_dyn.submarine.control.21.03(scheduled_0.100)</title>
            <xaxis> <label>Time</label> <units>s</units> </xaxis>
            <yaxis> <label>Execution Time</label> </yaxis>
            <curve>
                <var>sys.exec.out.time</var>
                <var line_color="red" scale="1e-06">JOB_dyn.submarine.control.21.03(scheduled_0.100)</var>
            </curve>
        </plot>
        <plot grid="yes" background_color="cornsilk2">
            <title>JOB_dyn.submarine.state_integ.21.04(integration)</title>
            <xaxis> <label>Time</label> <units>s</units> </xaxis>
            <yaxis> <label>Execution Time</label> </yaxis>
            <curve>
                <var>sys.exec.out.time</var>
                <var line_color="red" scale="1e-06">JOB_dyn.submarine.state_integ.21.04(integration)</var>
            </curve>
        </plot>
        <plot grid="yes" background_color="cornsilk2">
            <title>JOB_dyn.submarine.state_post_integ.21.05(post_integration)</title>
            <xaxis> <label>Time</label> <units>s</units> </xaxis>
            <yaxis> <label>Execution Time</label> </yaxis>
            <curve>
                <var>sys.exec.out.time</var>
                <var line_color="red" scale="1e-06">JOB_dyn.submarine.state_post_integ.21.05(post_integration)</var>
            </curve>
        </plot>
    </page>
</product>