<?xml version="1.0" encoding="ISO-8859-1"?>
<!DOCTYPE product PUBLIC "-//Tricklab//DTD Product V1.0//EN" "Product.dtd">

<!-- Description: Plot of Y(t) vs. t, with attributes, titles, labels, units -->

<product version="1.0">
    <title>Non-cyclic Job Timeline</title>
    <page>
        <title>Non-cyclic Job Timeline</title>
        <plot grid="yes">
            <title>User Job Timeline</title>
            <xaxis> <label>Time</label> <units>s</units> </xaxis>
            <yaxis> <label>Job Id</label> </yaxis>
            <curve>
                <var>sys.exec.out.time</var>
                <var line_color="red" label="User Job Id">trick_frame_log.frame_log.job_userinit_id</var>
            </curve>
        </plot>
        <plot grid="yes">
            <title>Trick Job Timeline</title>
            <xaxis> <label>Time</label> <units>s</units> </xaxis>
            <yaxis> <label>Job Id</label> </yaxis>
            <curve>
                <var>sys.exec.out.time</var>
                <var line_color="darkgreen" label="Trick Job Id">trick_frame_log.frame_log.job_trickinit_id</var>
            </curve>
        </plot>
    </page>
    <page>
        <title>Non-cyclic Job Timeline (combined)</title>
        <plot grid="yes">
            <title>User and Trick Job Timeline</title>
            <xaxis> <label>Time</label> <units>s</units> </xaxis>
            <yaxis> <label>Job Id</label> </yaxis>
            <curve>
                <var>sys.exec.out.time</var>
                <var line_color="darkgreen" label="Trick Job Id">trick_frame_log.frame_log.job_trickinit_id</var>
            </curve>
            <curve>
                <var>sys.exec.out.time</var>
                <var line_color="red" label="Trick Job Id">trick_frame_log.frame_log.job_userinit_id</var>
            </curve>
        </plot>
    </page>
</product>